{
	"sprite": {
		"bgm_freespin": [
			0,
			72045.71428571429,
			true
		],
		"bgm_main": [
			74000,
			48648.0045351474,
			true
		],
		"bgm_winlevel_big": [
			124000,
			8000.0,
			true
		],
		"bgm_winlevel_epic": [
			133000,
			8000.0,
			true
		],
		"bgm_winlevel_max": [
			142000,
			8000.0,
			true
		],
		"bgm_winlevel_mega": [
			151000,
			8000.0,
			true
		],
		"bgm_winlevel_superwin": [
			160000,
			8000.0,
			true
		],
		"jng_intro_fs": [
			169000,
			2000.0
		],
		"sfx_anticipation": [
			172000,
			7480.0
		],
		"sfx_anticipation_start": [
			181000,
			1000.0
		],
		"sfx_bigwin_coinloop": [
			183000,
			15000.0,
			true
		],
		"sfx_btn_general": [
			199000,
			480.0
		],
		"sfx_btn_spin": [
			201000,
			1000.0
		],
		"sfx_fs_respins": [
			203000,
			3500.0
		],
		"sfx_multiplier_combine_a": [
			208000,
			1200.0
		],
		"sfx_multiplier_combine_b": [
			211000,
			1050.0
		],
		"sfx_multiplier_explosion_a": [
			214000,
			800.0
		],
		"sfx_multiplier_explosion_b": [
			216000,
			2000.0
		],
		"sfx_multiplier_explosion_c": [
			219000,
			1200.0
		],
		"sfx_multiplier_landing": [
			222000,
			1000.0
		],
		"sfx_multiplier_reset": [
			224000,
			600.0
		],
		"sfx_multiplier_up": [
			226000,
			1480.0
		],
		"sfx_multiplier_update": [
			229000,
			1600.0
		],
		"sfx_multiplier_win": [
			232000,
			3760.0
		],
		"sfx_reel_stop_1": [
			237000,
			450.0
		],
		"sfx_reel_stop_2": [
			239000,
			450.0
		],
		"sfx_reel_stop_3": [
			241000,
			450.0
		],
		"sfx_reel_stop_4": [
			243000,
			450.0
		],
		"sfx_reel_stop_5": [
			245000,
			450.0
		],
		"sfx_royals_landing": [
			247000,
			1200.0
		],
		"sfx_scatter_reveal": [
			250000,
			1480.0
		],
		"sfx_scatter_stop_1": [
			253000,
			1000.0
		],
		"sfx_scatter_stop_2": [
			255000,
			1000.0
		],
		"sfx_scatter_stop_3": [
			257000,
			1000.0
		],
		"sfx_scatter_stop_4": [
			259000,
			1000.0
		],
		"sfx_scatter_stop_5": [
			261000,
			1000.0
		],
		"sfx_scatter_win": [
			263000,
			2000.0
		],
		"sfx_scatter_win_v2": [
			266000,
			3480.0
		],
		"sfx_superfreespin": [
			271000,
			6000.0
		],
		"sfx_symbols_landing": [
			278000,
			1200.0
		],
		"sfx_wild_explode": [
			281000,
			1400.0
		],
		"sfx_winlevel_end": [
			284000,
			2000.0
		],
		"sfx_winlevel_nice": [
			287000,
			1500.0
		],
		"sfx_winlevel_small": [
			290000,
			1000.0
		],
		"sfx_winlevel_standard": [
			292000,
			1250.0
		],
		"sfx_winlevel_substantial": [
			295000,
			2500.0
		],
		"sfx_youwon_panel": [
			299000,
			3000.0
		],
		"tumble_win_1": [
			303000,
			1000.0
		],
		"tumble_win_2": [
			305000,
			1000.0
		],
		"tumble_win_3": [
			307000,
			1000.0
		],
		"tumble_win_4": [
			309000,
			1000.0
		],
		"tumble_win_5": [
			311000,
			1000.0
		],
		"sfx_xways_split": [
			313000,
			498.0045351473923
		],
		"sfx_mirror_break": [
			315000,
			622.9931972789116
		],
		"sfx_celeb_whoosh": [
			317000,
			2375.0113378684805
		],
		"sfx_celeb_swell": [
			321000,
			4135.01133786848
		],
		"sfx_celeb_wobble": [
			327000,
			4040.0
		],
		"sfx_celeb_buildup": [
			333000,
			4450.0
		],
		"sfx_celeb_maxslam": [
			339000,
			6600.0
		],
		"sfx_celeb_hit": [
			347000,
			1619.0022675736961
		],
		"sfx_celeb_whoosh_hi": [
			350000,
			1827.0068027210884
		],
		"sfx_celeb_whoosh_lo": [
			353000,
			3045.011337868481
		],
		"bgm_celeb_1": [
			358000,
			8000.0,
			true
		],
		"bgm_celeb_2": [
			367000,
			8000.0,
			true
		],
		"bgm_celeb_3": [
			376000,
			8000.0,
			true
		],
		"bgm_celeb_4": [
			385000,
			8000.0,
			true
		],
		"bgm_celeb_5": [
			394000,
			8000.0,
			true
		],
		"bgm_celeb_6": [
			403000,
			8000.0,
			true
		],
		"sfx_madams_eye": [
			412000,
			4500.0
		],
		"sfx_thunder": [
			418000,
			4000.0
		]
	},
	"src": [
		"./assets/audio/sounds.ogg",
		"./assets/audio/sounds.m4a",
		"./assets/audio/sounds.mp3",
		"./assets/audio/sounds.ac3"
	],
	"config": {
		"bgm_freespin": {
			"volume": 1
		},
		"bgm_main": {
			"volume": 1
		},
		"bgm_winlevel_big": {
			"volume": 1
		},
		"bgm_winlevel_epic": {
			"volume": 1
		},
		"bgm_winlevel_max": {
			"volume": 1
		},
		"bgm_winlevel_mega": {
			"volume": 1
		},
		"bgm_winlevel_superwin": {
			"volume": 1
		},
		"jng_intro_fs": {
			"volume": 1
		},
		"sfx_anticipation": {
			"volume": 1
		},
		"sfx_anticipation_start": {
			"volume": 1
		},
		"sfx_bigwin_coinloop": {
			"volume": 1
		},
		"sfx_btn_general": {
			"volume": 1
		},
		"sfx_btn_spin": {
			"volume": 1
		},
		"sfx_fs_respins": {
			"volume": 1
		},
		"sfx_multiplier_combine_a": {
			"volume": 1
		},
		"sfx_multiplier_combine_b": {
			"volume": 1
		},
		"sfx_multiplier_explosion_a": {
			"volume": 1
		},
		"sfx_multiplier_explosion_b": {
			"volume": 1
		},
		"sfx_multiplier_explosion_c": {
			"volume": 1
		},
		"sfx_multiplier_landing": {
			"volume": 1
		},
		"sfx_multiplier_reset": {
			"volume": 1
		},
		"sfx_multiplier_up": {
			"volume": 1
		},
		"sfx_multiplier_update": {
			"volume": 1
		},
		"sfx_multiplier_win": {
			"volume": 1
		},
		"sfx_reel_stop_1": {
			"volume": 1
		},
		"sfx_reel_stop_2": {
			"volume": 1
		},
		"sfx_reel_stop_3": {
			"volume": 1
		},
		"sfx_reel_stop_4": {
			"volume": 1
		},
		"sfx_reel_stop_5": {
			"volume": 1
		},
		"sfx_royals_landing": {
			"volume": 1
		},
		"sfx_scatter_reveal": {
			"volume": 1
		},
		"sfx_scatter_stop_1": {
			"volume": 1
		},
		"sfx_scatter_stop_2": {
			"volume": 1
		},
		"sfx_scatter_stop_3": {
			"volume": 1
		},
		"sfx_scatter_stop_4": {
			"volume": 1
		},
		"sfx_scatter_stop_5": {
			"volume": 1
		},
		"sfx_scatter_win": {
			"volume": 1
		},
		"sfx_scatter_win_v2": {
			"volume": 1
		},
		"sfx_superfreespin": {
			"volume": 1
		},
		"sfx_symbols_landing": {
			"volume": 1
		},
		"sfx_wild_explode": {
			"volume": 1
		},
		"sfx_winlevel_end": {
			"volume": 1
		},
		"sfx_winlevel_nice": {
			"volume": 1
		},
		"sfx_winlevel_small": {
			"volume": 1
		},
		"sfx_winlevel_standard": {
			"volume": 1
		},
		"sfx_winlevel_substantial": {
			"volume": 1
		},
		"sfx_youwon_panel": {
			"volume": 1
		},
		"tumble_win_1": {
			"volume": 1
		},
		"tumble_win_2": {
			"volume": 1
		},
		"tumble_win_3": {
			"volume": 1
		},
		"tumble_win_4": {
			"volume": 1
		},
		"tumble_win_5": {
			"volume": 1
		},
		"sfx_xways_split": {
			"volume": 1
		},
		"sfx_mirror_break": {
			"volume": 1
		},
		"sfx_celeb_whoosh": {
			"volume": 1
		},
		"sfx_celeb_swell": {
			"volume": 1
		},
		"sfx_celeb_wobble": {
			"volume": 1
		},
		"sfx_celeb_buildup": {
			"volume": 1
		},
		"sfx_celeb_maxslam": {
			"volume": 1
		},
		"sfx_celeb_hit": {
			"volume": 1
		},
		"sfx_celeb_whoosh_hi": {
			"volume": 0.8
		},
		"sfx_celeb_whoosh_lo": {
			"volume": 0.8
		},
		"bgm_celeb_1": {
			"volume": 1
		},
		"bgm_celeb_2": {
			"volume": 1
		},
		"bgm_celeb_3": {
			"volume": 1
		},
		"bgm_celeb_4": {
			"volume": 1
		},
		"bgm_celeb_5": {
			"volume": 1
		},
		"bgm_celeb_6": {
			"volume": 1
		},
		"sfx_madams_eye": {
			"volume": 1
		},
		"sfx_thunder": {
			"volume": 1
		}
	}
}
